,startlat,startlon,timeintrip,easting,northing,zone_number,zone_letter
29989,13.7714488014149,100.480244013392,1866,660025.3098589524,1522942.0764807323,47,P
29993,13.7792353311396,100.476349308174,420,659598.8938496774,1523800.8802937753,47,P
29995,13.7522232883969,100.483494127385,495,660389.8440949771,1520817.3992688842,47,P
30002,13.7597920707348,100.480511349128,955,660062.1472052018,1521652.7181354284,47,P
30008,13.746535830606,100.472758484798,420,659232.7620837052,1520181.1005550732,47,P
30009,13.778479425931,100.477052203449,895,659675.4080465725,1523717.7242935235,47,P
30029,13.7805024993112,100.47506550927,710,659459.2231793063,1523940.2100023294,47,P
30033,13.7436087077867,100.470481781365,360,658988.5345706359,1519855.7838013952,47,P
30041,13.7467836571347,100.463628229795,1547,658245.2517507663,1520202.5029346342,47,P
30051,13.7872656283594,100.467129940231,480,658596.6297832959,1524683.1353234856,47,P
30053,13.7783153348601,100.477204787182,695,659692.0177280719,1523699.6729042595,47,P
30054,13.7787726027162,100.476779586493,344,659645.7320642446,1523749.976211358,47,P
30069,13.7852936352454,100.470387551384,2593,658950.180635635,1524467.134618406,47,P
30076,13.7783716941547,100.477152380238,4540,659686.312906054,1523705.872896758,47,P
30077,13.7787331543102,100.476918145051,17213,659660.7405540195,1523745.7041937525,47,P
30078,13.7807673397087,100.473964291481,1821,659339.9750415622,1523968.778086025,47,P
30079,13.7780656536608,100.47764302588,1381,659739.5722323939,1523672.342776745,47,P
30088,13.7791791639545,100.474111428752,3166,659356.9610941174,1523793.1825123548,47,P
30089,13.7766102747683,100.478797207716,2023,659865.3588241085,1523512.1071531994,47,P
30093,13.7521609891263,100.479950793677,1020,660006.7182339611,1520808.1512066694,47,P
30107,13.7597305382712,100.481865008599,2916,660208.5660584902,1521646.811306199,47,P
30109,13.7788017714171,100.476752463328,1320,659642.7795498687,1523753.185015828,47,P
30119,13.7776047633561,100.473381946427,900,659279.1527522836,1523618.5300476402,47,P
30123,13.7609459891601,100.471182935947,540,659052.6484661109,1521774.1893645357,47,P
30140,13.7830063867345,100.472815798352,2220,659214.2778949239,1524215.7133394657,47,P
30144,13.7666030510888,100.483859294361,1071,660419.5314144895,1522408.4178225861,47,P
30145,13.778443013888,100.477086061998,660,659679.0937567339,1523713.718663732,47,P
30176,13.7569461457048,100.483275763849,360,660363.0140742062,1521339.7243323415,47,P
30184,13.7569677688096,100.483271881271,1734,660362.5794994676,1521342.1138233347,47,P
30185,13.7807564813084,100.474923855831,900,659443.7346495781,1523968.2130121912,47,P
30187,13.778684908139,100.476963027814,793,659665.6262950565,1523740.3967220571,47,P
30189,13.7788320683826,100.47672429102,661,659639.7128309377,1523756.5179392553,47,P
30191,13.7714869718997,100.483680266534,825,660396.8422131576,1522948.587402649,47,P
30195,13.7868634675305,100.469112679236,1380,658811.2775240086,1524639.9554429713,47,P
30220,13.7737473637078,100.466878299657,2160,658578.5441757703,1523187.5057267945,47,P
30221,13.7641702224985,100.482803602722,1591,660307.0358942775,1522138.580327841,47,P
30230,13.7785882859719,100.476950977518,360,659664.3889915011,1523729.6998125468,47,P
30239,13.7535016,100.4780426,420,659799.4608762463,1520955.1906622732,47,P
30240,13.7845378021894,100.471565258119,952,659078.028563137,1524384.299254411,47,P
30249,13.787083185347,100.466908103025,420,658572.7676941706,1524662.8060907354,47,P
30255,13.7767358291455,100.4637487399,480,658238.1422506766,1523516.04447274,47,P
30259,13.7822895210649,100.473486388699,1680,659287.2702806059,1524136.853805404,47,P
30260,13.7598310198547,100.482666836516,1860,660295.202755941,1521658.460819351,47,P
30262,13.7797907613069,100.475832075721,1380,659542.5909782816,1523861.981949698,47,P
30275,13.7780568533637,100.47765133388,960,659740.476521706,1523671.3747550542,47,P
30279,13.7788964231957,100.476664449265,1431,659633.1987117989,1523763.5975160305,47,P
30284,13.7551312926473,100.472053260527,720,659150.6908172076,1521131.51106731,47,P
30304,13.7478780056994,100.479422651416,2335,659952.514677275,1520333.9924229314,47,P
30311,13.7645367739317,100.474272006931,2159,659384.2479267207,1522173.4648407323,47,P
30312,13.7561324526713,100.485637655557,653,660618.9740738642,1521251.2826458875,47,P
30320,13.7785154618858,100.477018694615,3960,659671.7604061323,1523721.6885508737,47,P
30329,13.7784139651018,100.477314200405,1680,659703.7810763328,1523710.6566212242,47,P
30334,13.752318590545,100.480338447293,3174,660048.5311052165,1520825.8434811495,47,P
30335,13.764420779227,100.483027537443,840,660331.0797364933,1522166.447559684,47,P
30348,13.7581184000026,100.483010492441,2280,660333.5303483045,1521469.2294371137,47,P
30352,13.7781928337539,100.477420797979,380,659715.4572630504,1523686.2645746819,47,P
30354,13.7798798837287,100.475404409089,641,659496.2891152896,1523871.5574572014,47,P
30362,13.7796840937353,100.475282457285,3180,659483.2359736039,1523849.8171449448,47,P
30370,13.7787197258817,100.476828755194,1680,659651.0843653609,1523744.159311814,47,P
30371,13.7784567483957,100.47707329066,2075,659677.703518344,1523715.229574598,47,P
30373,13.7794433601236,100.476044148042,1140,659565.7571374709,1523823.6911408934,47,P
30385,13.7708632974741,100.484274130422,4094,660461.4816880613,1522879.9887373897,47,P
30388,13.7522476489035,100.477638168072,1500,659756.5775093168,1520816.2032562867,47,P
30394,13.7671451153506,100.48428725269,2731,660465.4373190028,1522468.6695596771,47,P
30395,13.758406793078,100.482027774792,1680,660227.0677806844,1521500.4791053024,47,P
30398,13.7788035906483,100.476852619076,4637,659653.6076868629,1523753.4527658173,47,P
30404,13.7692943754233,100.478312274266,1440,659817.897268306,1522702.4572660231,47,P
30407,13.780610433583,100.474964713714,720,659448.2514783955,1523952.0834665115,47,P
30408,13.7792510437547,100.476334697449,1920,659597.3033932801,1523802.6088169466,47,P
30412,13.7532479343355,100.478058309501,420,659801.331799118,1520927.1391477338,47,P
30416,13.7596478143622,100.484672124386,840,660512.1682042907,1521639.5293861504,47,P
30425,13.7755376392069,100.479803074587,1619,659974.8495905406,1523394.1146858705,47,P
30428,13.779488841035,100.476000151113,4816,659560.9690907766,1523828.6933067243,47,P
30443,13.7871138069538,100.467690441321,1781,658657.3342864892,1524666.7099761476,47,P
30444,13.7569146925298,100.483230598951,719,660358.151563264,1521336.2147221882,47,P
30450,13.7591434,100.4743467,1140,659395.9777140858,1521576.8691701721,47,P
30473,13.7817495072162,100.473991543416,1800,659342.2556257288,1524077.4491434067,47,P
30491,13.7814539299942,100.474187138245,360,659363.604555406,1524044.8803416295,47,P
30495,13.7604104684038,100.478024802234,1020,659792.8466446783,1521719.4772907682,47,P
30504,13.7683449593312,100.477512239404,420,659732.034470021,1522596.8961439326,47,P
30509,13.7467334667262,100.463243496949,5025,658203.6806465753,1520196.6980450435,47,P
30512,13.752123819491,100.479528782836,330,659961.1081961793,1520803.759047281,47,P
30514,13.7561225068925,100.485361265904,480,660589.0931496401,1521249.9980798604,47,P
30515,13.7624316695616,100.472475072691,1140,659191.3665035629,1521939.3974679692,47,P
30526,13.7784840366557,100.477047916064,3694,659674.9413385692,1523718.2315118993,47,P
30529,13.7808541462148,100.474832006009,601,659433.7371853999,1523978.9563570083,47,P
30533,13.7669011072735,100.463276435649,1667,658193.6900092751,1522427.7659239962,47,P
30564,13.775547345375,100.477879166786,975,659766.8167762037,1523393.9096206392,47,P
30568,13.7788963814268,100.476568774324,1272,659622.8538610197,1523763.5293818219,47,P
30573,13.7707753858097,100.483896210771,2260,660420.6774718262,1522870.0113989678,47,P
30575,13.7784199602645,100.477107498922,660,659681.4272976142,1523711.1825722181,47,P
30583,13.7844249725874,100.471726982141,600,659095.5909723327,1524371.9244443006,47,P
30587,13.7785284442172,100.477006622705,361,659670.446305556,1523723.1167163425,47,P
30588,13.7694183380332,100.474373763992,1140,659391.9433978321,1522713.5583075527,47,P
30599,13.7521785699847,100.478368040698,480,659835.5510625562,1520809.0454678598,47,P
30617,13.7818277832161,100.473918320311,3192,659334.2853834719,1524086.0599525762,47,P
30626,13.7784583504148,100.477071800987,9315,659677.5413583198,1523715.4058101191,47,P
30650,13.7707997704519,100.483963369718,4093,660427.9226888642,1522872.7537563979,47,P
30663,13.7758270909867,100.47975632449,1620,659969.5976760832,1523426.1044661384,47,P
30692,13.7557868,100.4834002,540,660377.2598380982,1521211.553485991,47,P
30702,13.7578493693836,100.483167184318,1368,660350.657505813,1521439.5720019026,47,P
30707,13.7718987738945,100.483070852281,480,660330.6660974685,1522993.737221938,47,P
30708,13.7650978228548,100.480578454171,1207,660065.7944521705,1522239.7161574876,47,P
30725,13.7650014745204,100.468832505904,600,658795.7519959266,1522221.2773727335,47,P
30736,13.7870622984779,100.467252486416,420,658610.0169062839,1524660.722735015,47,P
30737,13.7639286460226,100.473826121043,420,659336.4453240703,1522105.8951380304,47,P
30743,13.7570828994912,100.461266546775,360,657982.9515512094,1521340.306411519,47,P
30748,13.7620185401059,100.473666776684,480,659320.5083728478,1521894.4831301398,47,P
30752,13.7664018172239,100.487042342949,316,660763.8561699387,1522388.2800500942,47,P
30767,13.7803745,100.4742542,500,659371.587618948,1523925.512056329,47,P
30778,13.7786967109627,100.477046530422,1125,659674.647028222,1523741.7578661076,47,P
30779,13.7772702326316,100.478179928245,508,659798.1659573771,1523584.7053355242,47,P
30781,13.7783770570558,100.477147393425,1704,659685.7700605617,1523706.4628606632,47,P
30793,13.7598474550828,100.479528518336,1379,659955.8319320356,1521658.1919547908,47,P
30805,13.7521858465757,100.480233008233,2157,660037.2193811387,1520811.088533536,47,P
30809,13.7849587821651,100.470454883725,720,658957.6873293536,1524430.135823592,47,P
30816,13.7868205370997,100.466443065488,3717,658522.6645986657,1524633.4437110089,47,P
30833,13.7685689885743,100.482657588417,900,660288.2498332809,1522625.100941185,47,P
30837,13.7871782639857,100.467253233112,540,658610.0193303269,1524673.5519677855,47,P
30853,13.7520825873256,100.478828454677,1740,659885.40431284,1520798.732826625,47,P
30856,13.7830930942971,100.472734687962,1140,659205.4492247681,1524225.251703839,47,P
30866,13.7784740630299,100.477057190262,3224,659675.9508916007,1523717.1343294457,47,P
30877,13.7721903728818,100.483134590728,1389,660337.3592259785,1523026.0381472432,47,P
30879,13.776563995439,100.478840494237,12630,659870.0707158138,1523507.01623462,47,P
30888,13.7682700578353,100.485300122842,600,660574.1920747898,1522593.79316685,47,P
30897,13.756095022027,100.484518369811,539,660497.9643791863,1521246.3956860495,47,P
30898,13.7435942678457,100.468677499611,1790,658793.4271139374,1519852.9971434572,47,P
30908,13.7598612516713,100.479131780131,961,659912.9216070429,1521659.454691666,47,P
30916,13.7551025021416,100.471711473938,616,659113.7508385836,1521128.1002998867,47,P
30920,13.7766438169924,100.478765834612,720,659861.9437513386,1523515.7969376924,47,P
30922,13.7799267720115,100.475437328213,2280,659499.8166646527,1523876.7663471082,47,P
30931,13.7543400451271,100.483493863534,705,660388.3737965551,1521051.5672487137,47,P
30953,13.787062692678,100.468704591089,3346,658767.0198501325,1524661.7251970381,47,P
30957,13.7658392143671,100.48803564338,421,660871.6479624328,1522326.7051446408,47,P
30966,13.7531793375767,100.480327571858,961,660046.7700636397,1520921.0570609833,47,P
30968,13.7521044379992,100.47930872836,1771,659937.3251716326,1520801.4688580893,47,P
30974,13.7849319248901,100.471119579601,4812,659029.5739101984,1524427.6044111724,47,P
31005,13.7850717151761,100.470989354483,2429,659015.3990527145,1524442.9826409358,47,P
31009,13.7653353889586,100.483348226819,360,660365.1331773169,1522267.8408129683,47,P
31010,13.7753409376795,100.466062111884,1779,658489.2177970076,1523363.2574492437,47,P
31015,13.7787125117724,100.477031551814,1617,659673.016725718,1523743.4958977778,47,P
31032,13.7647002352471,100.485414241842,600,660588.9687488327,1522198.9537195833,47,P
31074,13.7784594786794,100.477070751845,1020,659677.4271527946,1523715.5299286766,47,P
31079,13.7851254783068,100.470939270102,787,659009.9474286387,1524448.8970862858,47,P
31083,13.7788607633291,100.476697608386,1799,659636.8082723616,1523759.6746272584,47,P
31086,13.7784096105505,100.477117122834,3404,659682.47491971,1523710.044017119,47,P
31116,13.7859010470102,100.470113482377,1680,658920.1368016087,1524534.148673266,47,P
31141,13.7787856827138,100.476767423766,1140,659644.4080805342,1523751.415121988,47,P
31147,13.7784801781074,100.477051504021,420,659675.331909569,1523717.8070392336,47,P
31157,13.7804828993353,100.475083812914,2108,659461.2155510184,1523938.0538793018,47,P
31163,13.7785970644191,100.47684747506,3144,659653.191780869,1523730.602214075,47,P
31168,13.7784395314279,100.477089300241,1433,659679.4462593502,1523713.3355639668,47,P
31183,13.7571129313342,100.483316322557,3931,660367.2862991246,1521358.2021564806,47,P
31188,13.7690770335385,100.478129119986,660,659798.2405069959,1522678.292003279,47,P
31206,13.7870701257541,100.467276730927,12279,658612.6329639752,1524661.6046325418,47,P
31208,13.7785855556882,100.476953516333,840,659664.6653567532,1523729.3994583576,47,P
31214,13.7784437660644,100.47708536257,2819,659679.0176197073,1523713.8014094336,47,P
31220,13.7783724463311,100.47715168081,720,659686.236768982,1523705.9556424425,47,P
31221,13.7784844127439,100.47704756635,1260,659674.9032700689,1523718.2728847547,47,P
31222,13.7802292862455,100.475320652169,2682,659486.9957929786,1523910.1548242269,47,P
31223,13.7510205666032,100.470652407272,773,659001.9837765297,1520675.8354211517,47,P
31234,13.7563737800678,100.483318319309,599,660368.0057348206,1521276.4341834607,47,P
31246,13.7708048806235,100.484241312381,3229,660457.972954992,1522873.5044219384,47,P
31247,13.7544754041128,100.461111189773,480,657967.9015835236,1521051.7504687093,47,P
31249,13.7533098609168,100.483600573994,480,660400.6148891253,1520937.6732208806,47,P
31250,13.7635940447312,100.47366789837,1005,659319.562946141,1522068.7749538699,47,P
31252,13.7561559414543,100.486062985376,2909,660664.9515727743,1521254.164805741,47,P
31253,13.7784012389439,100.477124907359,399,659683.3223132645,1523709.1230704025,47,P
31258,13.7749811516514,100.480166375368,3127,660014.5109789947,1523332.7943920922,47,P
31259,13.7870335991167,100.468328508162,481,658726.3769879767,1524658.2582803862,47,P
31275,13.756163,100.4861908,420,660678.7681366829,1521255.0309312565,47,P
31278,13.778362375039,100.477161045825,1380,659687.2562089458,1523704.8477162314,47,P
31281,13.7560807139882,100.484102501519,588,660453.0037559457,1521244.5357561365,47,P
31314,13.7552504707481,100.483584297258,901,660397.5328022905,1521152.3441503176,47,P
31320,13.7439956841775,100.470444817481,4712,658984.2761707627,1519898.56878628,47,P
31336,13.7593068510389,100.469809780246,1740,658905.2713343652,1521591.9524166605,47,P
31362,13.7624260202864,100.472470115026,540,659190.8342397175,1521938.769235787,47,P
31363,13.7815019473001,100.474223122772,6611,659367.4627797003,1524050.2161449105,47,P
31366,13.7624932815495,100.47324792151,781,659274.8950207955,1521946.7245104685,47,P
31368,13.7814648041705,100.474176874642,2881,659362.4874388357,1524046.0765020393,47,P
31370,13.7783540280367,100.477270841112,345,659699.1335557885,1523703.9972362493,47,P
31379,13.7699854708554,100.472824009841,1942,659223.9852944158,1522775.2716619,47,P
31382,13.7786086093116,100.476932079409,1320,659662.3318191005,1523731.9355510622,47,P
31386,13.7738387112993,100.481658637442,720,660176.6435400554,1523207.4040295412,47,P
31389,13.7663532674859,100.4870799988,1020,660767.961132029,1522382.9343313507,47,P
31399,13.7784556360693,100.477176316529,3780,659688.8439974702,1523715.1749374773,47,P
31400,13.7847646522212,100.471355019811,780,659055.143492129,1524409.2555538653,47,P
31411,13.7539415410308,100.469573754249,1260,658883.3698617402,1520998.2574978203,47,P
31413,13.7592645867179,100.469940963725,1064,658919.4852640647,1521587.3634847836,47,P
31414,13.7871168182807,100.466615380079,720,658541.095472361,1524666.3336185794,47,P
31415,13.7787346491585,100.476916754414,1920,659660.5891753992,1523745.8686392494,47,P
31416,13.7724649384949,100.481116768301,480,660118.9879457173,1523055.0683105597,47,P
31417,13.7783272246082,100.47729577598,660,659701.847864681,1523701.0486439685,47,P
31418,13.7784023672085,100.477123858217,1560,659683.2081076849,1523709.24718894,47,P
31419,13.7772439086906,100.47820454986,1681,659800.846092702,1523581.8095869776,47,P
31424,13.7597497842036,100.481411676928,6176,660159.532254313,1521648.6388244515,47,P
31429,13.7803952716216,100.475165644977,660,659470.123064772,1523928.4142704033,47,P
31447,13.7849169624898,100.471133518197,2700,659031.0911116604,1524425.9584085424,47,P
31450,13.7680408928898,100.485091036795,1200,660551.7399110815,1522568.302030578,47,P
31452,13.7785947689019,100.477046883131,5124,659674.7544229313,1523730.480673947,47,P
31455,13.7522506229761,100.480339306055,572,660048.6701619971,1520818.325087114,47,P
31462,13.7641871291169,100.473643415143,600,659316.5139406401,1522134.3690470213,47,P
31463,13.7870539211399,100.468236300792,1217,658716.393687483,1524660.445515976,47,P
31465,13.7787204780581,100.476828055766,627,659651.0082285103,1523744.2420575812,47,P
31473,13.7556603521528,100.478865199843,421,659886.9484712909,1521194.5500090045,47,P
31476,13.778574829886,100.476963489959,1440,659665.7510458686,1523728.2195298525,47,P
31496,13.755022754725,100.483472215324,3175,660385.5677798134,1521127.0782174594,47,P
31507,13.7784165754707,100.477110646348,789,659681.769914306,1523710.810216588,47,P
31520,13.7693934604844,100.484784380676,420,660517.6579115209,1522717.7267419386,47,P
31527,13.7784491289655,100.477080375757,680,659678.4747745417,1523714.3913734602,47,P
31544,13.7596207188969,100.470244158347,420,658952.0304126444,1521626.9608637427,47,P
31545,13.7827211061984,100.472761758345,539,659208.628226183,1524184.1181929174,47,P
31554,13.781157546643,100.474297794434,540,659375.7701657158,1524012.166066299,47,P
31555,13.7701281125304,100.484716496473,480,660509.8162041397,1522798.9531555413,47,P
31561,13.7870413360247,100.46829337201,550,658722.5727979721,1524659.0909735865,47,P
31565,13.773027079448,100.482093263811,2160,660224.1918373491,1523117.9058812414,47,P
31572,13.7711982270406,100.483658293023,359,660394.6631849876,1522916.6300424347,47,P
31605,13.7548446409107,100.470360503772,540,658967.8364575057,1521098.6822901822,47,P
31607,13.7802085208694,100.475439190057,656,659499.8267492955,1523907.9362702274,47,P
31611,13.7818293294302,100.473916873909,2130,659334.127944501,1524086.2300450206,47,P
31612,13.7550553211765,100.469135704706,840,658835.2494104917,1521121.180866351,47,P
31620,13.7707486155148,100.483917825694,3060,660423.0329407129,1522867.06431819,47,P
31635,13.7775565207582,100.477825631843,480,659759.6626900316,1523616.1408138152,47,P
31636,13.7670712905381,100.484229375919,541,660459.2294032248,1522460.464021124,47,P
31638,13.7784637133159,100.477066814174,1732,659676.9985132203,1523715.9957741704,47,P
31652,13.7810461,100.4730381,2001,659239.6423561441,1523999.002506476,47,P
31657,13.7473468766626,100.466670678379,1200,658573.8816636378,1520266.8088727677,47,P
31658,13.7783302952988,100.477190875886,3381,659690.5033966615,1523701.3186772047,47,P
31666,13.7841914066509,100.471592305472,420,659081.1875509084,1524345.9969240178,47,P
31668,13.7469186377437,100.478036719397,1323,659803.2912643667,1520226.9422915631,47,P
31676,13.7635234639437,100.489315470703,360,661011.6227951414,1522071.3781120318,47,P
31677,13.7637500759261,100.482728359997,1199,660299.1859645968,1522092.051096183,47,P
31686,13.7649439088172,100.468063132321,333,658712.5974525013,1522214.4017024455,47,P
31707,13.7869231063248,100.466815064866,480,658562.8163733354,1524645.0358871,47,P
31708,13.7784165754707,100.477110646348,480,659681.769914306,1523710.810216588,47,P
31713,13.778351370815,100.477171278348,721,659688.3700826325,1523703.6371597592,47,P
31720,13.7778041960597,100.477311118442,1620,659703.8621637824,1523643.1983558924,47,P
31724,13.7868582268419,100.467242266817,1739,658609.0497554652,1524638.140467875,47,P
31730,13.7708146425308,100.479814771357,540,659979.3278265148,1522871.636613847,47,P
31731,13.7808850376523,100.474802953884,1620,659430.5749863174,1523982.3544806521,47,P
31732,13.7540107469682,100.461082292705,720,657965.0884975176,1521000.3288530614,47,P
31768,13.7770027988036,100.478086164189,1621,659788.2094157849,1523555.057931827,47,P
31781,13.7785223291397,100.477012308946,6286,659671.0652873381,1523722.4440064614,47,P
31784,13.7873914012752,100.468644841861,480,658760.3375099829,1524698.0492915257,47,P
31790,13.7553405188119,100.483575188119,453,660396.4864265341,1521162.2997358383,47,P
31798,13.7600660122928,100.470444615866,1500,658973.4058915784,1521676.3539566805,47,P
31801,13.7549815651623,100.468748439116,960,658793.4218368796,1521112.7662475023,47,P
31804,13.7626090958868,100.472931701866,3180,659240.6229736741,1521959.3273427947,47,P
31813,13.7785173483131,100.477118906461,2697,659682.594577255,1523721.963782484,47,P
31814,13.7550664815293,100.46915117703,2372,658836.9149955186,1521122.425686582,47,P
31821,13.7819352867727,100.473436423165,900,659282.1079603939,1524097.6332788079,47,P
31840,13.7561696309192,100.486370461157,2473,660698.1914769994,1521255.8843499937,47,P
31845,13.7869744153045,100.466513273916,894,658530.1517598472,1524650.5128677883,47,P
31846,13.7695997453993,100.469138195481,1141,658825.7018783647,1522730.1646079726,47,P
31858,13.7837032968505,100.472163875382,1680,659143.3178343801,1524292.3777999987,47,P
31859,13.7653823408222,100.487835795115,1580,660850.3503868773,1522276.0293839285,47,P
31860,13.7786507603439,100.476892884334,840,659658.0652014464,1523736.5725199948,47,P
31873,13.7753255323168,100.480255845217,3267,660023.9506885547,1523370.9513558531,47,P
31885,13.7707690500925,100.482908608363,835,660313.8930270267,1522868.6522289857,47,P
31896,13.7652654337028,100.472764985049,1843,659220.7978966287,1522253.0758486732,47,P
31902,13.7797941668723,100.475349560752,2160,659490.4168243486,1523862.0385806635,47,P
31908,13.7698710855981,100.468989737191,780,658809.4659769995,1522760.0837410223,47,P
31914,13.7777441037442,100.477649670244,1264,659740.5091928246,1523636.7754533426,47,P
31932,13.7786814582874,100.477060989418,1260,659676.2207752913,1523740.0801273086,47,P
31937,13.7570222962219,100.483332836889,840,660369.1338295192,1521348.1865585889,47,P
31940,13.786849515124,100.466552769551,1800,658534.5063734332,1524636.7217833428,47,P
31941,13.759857121614,100.480030645504,601,660010.1224678236,1521659.5949470678,47,P
31942,13.7870389851154,100.468304032958,1250,658723.7270607153,1524658.8379441714,47,P
31952,13.7493085331048,100.467193184441,1533,658629.0641769047,1520484.1612744108,47,P
31956,13.7622244884231,100.472293255621,2705,659171.8462781473,1521916.3577322322,47,P
31959,13.7836220975668,100.472239833066,1956,659151.5856025519,1524283.4453642333,47,P
31960,13.7714594757037,100.480253232687,360,660026.2994668201,1522943.2634660152,47,P
31973,13.7786921373851,100.476956302544,2198,659664.8942114894,1523741.191997948,47,P
31977,13.7551968729397,100.483590168692,1522,660398.2042323432,1521146.4187524389,47,P
31996,13.7784356881749,100.477194873786,1200,659690.8640636492,1523712.9805083151,47,P
32007,13.7793156129279,100.476376291653,3839,659601.7569213075,1523809.7794424987,47,P
32019,13.757309756818,100.469273465387,3036,658848.6251661738,1521370.6693552407,47,P
32029,13.7785794406107,100.476959202574,419,659665.28433824,1523728.7267483666,47,P
32056,13.7713337094247,100.483798965904,1713,660409.781603439,1522931.7117148442,47,P
32072,13.7648421594531,100.473125956438,360,659260.1167580367,1522206.4897152057,47,P
32075,13.7517109353411,100.483668156491,533,660409.0122101353,1520760.8356105192,47,P
32078,13.7800956699687,100.475445989785,1676,659500.6385615399,1523895.4565616304,47,P
32080,13.7561033719643,100.484800196375,1181,660528.434315169,1521247.5072288688,47,P
32091,13.7784483767891,100.477081075185,5958,659678.550911565,1523714.3086277572,47,P
32148,13.7598633331477,100.479071852427,1140,659906.4399621313,1521659.6451575393,47,P
32167,13.7527597836008,100.480332872872,360,660047.6284516624,1520874.6470995315,47,P
32172,13.7549439617,100.46610108636,1139,658507.1733384745,1521106.8626687499,47,P
32173,13.7804604730305,100.475104755955,430,659463.4952243895,1523935.586842122,47,P
32178,13.7784537396901,100.477076088372,395,659678.0080664204,1523714.8985917808,47,P
32186,13.763603271909,100.482201710311,649,660242.3379965331,1522075.4601177725,47,P
32187,13.7783743267721,100.47714993224,820,659686.0464263014,1523706.1625066553,47,P
32188,13.7784480007009,100.477081424899,540,659678.5889800768,1523714.2672549065,47,P
32189,13.7784034954731,100.477122809075,2546,659683.0939021036,1523709.371307478,47,P
32191,13.7768443392136,100.478495200966,600,659832.544762989,1523537.8000096737,47,P
32193,13.7869927354133,100.467136160138,420,658597.4865513227,1524652.9505165566,47,P
32210,13.7781232247551,100.477588675372,2088,659733.656419947,1523678.675525843,47,P
32226,13.7546305572191,100.477908960316,720,659784.2433790116,1521079.993669849,47,P
32230,13.7564615755828,100.469297709826,600,658851.8191624641,1521276.8550287557,47,P
32252,13.7597070162428,100.482252012016,480,660250.4304285765,1521644.466688257,47,P
32257,13.7839082351513,100.471482062047,360,659069.4594742614,1524314.5979367802,47,P
32258,13.7870198641314,100.468397692971,1680,658733.8666125295,1524656.7845363521,47,P
32261,13.7607395723154,100.476320634521,960,659608.3453171924,1521754.7542954413,47,P
32268,13.7528205319957,100.480332105323,2262,660047.5041636239,1520881.3669277157,47,P
32278,13.7578733210117,100.463515863813,1173,658225.6494886108,1521429.223487734,47,P
32293,13.7673842299144,100.484807748052,660,660521.5558442862,1522495.4689833894,47,P
32294,13.7727344460632,100.467416550672,3538,658637.4271755752,1523075.806236856,47,P
32309,13.7858750370735,100.47024099999,1779,658933.9418297494,1524531.355630471,47,P
32310,13.7493221912572,100.483978230871,2820,660444.1702949528,1520496.7850791349,47,P
32334,13.7786894289161,100.476856927501,2355,659654.1510870678,1523740.8263894466,47,P
32335,13.7784149734516,100.477112136021,1686,659681.9320743895,1523710.633981088,47,P
32339,13.7760822053558,100.479214141465,1200,659910.799612368,1523453.9661747261,47,P
32346,13.7632129416258,100.473149830875,840,659263.8011319175,1522026.2723982094,47,P
32373,13.7790263587527,100.476543625797,780,659620.0463932148,1523777.891536372,47,P
32377,13.7638310014549,100.482898549503,720,660317.5338444167,1522101.116901389,47,P
32380,13.7870321579178,100.46672287634,452,658552.7752305435,1524657.038946101,47,P
32385,13.7664916253049,100.48725159162,361,660786.4211561603,1522398.3549601426,47,P
32389,13.7663008098158,100.483693024991,582,660401.7585847569,1522374.8712466161,47,P
32401,13.7870190916925,100.468401583841,1289,658734.2878199919,1524656.7016548382,47,P
32410,13.7532479579346,100.486229396615,1992,660684.9311878539,1520932.5770867162,47,P
32411,13.7553785818931,100.469394077658,1554,658862.9706934225,1521157.112075303,47,P
32418,13.7781129033586,100.477303756356,1817,659702.8563749319,1523677.3444734637,47,P
32453,13.7783111425511,100.4773107369,874,659703.4764502208,1523699.2794887084,47,P
32456,13.745608223656,100.47646940652,657,659634.6899107059,1520080.938341145,47,P
32461,13.7809093,100.4701279,360,658925.0722208011,1523981.9433195612,47,P
32462,13.7869946385698,100.466586683227,540,658538.0752064826,1524652.798501714,47,P
32472,13.7768743639086,100.478550196787,720,659838.4708411673,1523541.158069363,47,P
32481,13.7783349060235,100.477186588501,1375,659690.0366880796,1523701.8258953642,47,P
32483,13.7871389403314,100.466691874399,1077,658549.3511860885,1524668.8313457698,47,P
32487,13.7611155706966,100.47132697485,1620,659068.1092476395,1521793.0445545996,47,P
32525,13.7784598547676,100.477070402131,2603,659677.3890842837,1523715.5713015294,47,P
32533,13.7807008876255,100.474880242253,3953,659439.0566797906,1523962.0339958824,47,P
32544,13.7811440522486,100.474282984628,652,659374.1780206624,1524010.6634214998,47,P
32548,13.7586237086254,100.48290834626,660,660322.1405948297,1521525.061669155,47,P
32552,13.7869746763399,100.46651422146,420,658530.2540331802,1524650.542369999,47,P
32553,13.7871827659829,100.466843416109,420,658565.706448485,1524673.7795625955,47,P
32567,13.7623804754416,100.468653632511,2040,658778.17883058,1521931.2104434308,47,P
32573,13.7578129252902,100.475624238461,1828,659535.0251657874,1521430.5306249724,47,P
32577,13.7797234307645,100.475306243256,991,659485.7811327504,1523854.1846111673,47,P
32578,13.786921107239,100.468878000738,420,658785.8648202113,1524646.176799176,47,P
32580,13.7870491865102,100.468672634216,821,658763.5737649486,1524660.2099579305,47,P
32586,13.7784705805698,100.477060428505,5000,659676.3033941255,1523716.7512296464,47,P
32598,13.7588651205156,100.460047984494,2279,657849.987679621,1521536.665448498,47,P
32602,13.7770601710788,100.478376405462,720,659819.5530976609,1523561.5976528963,47,P
32605,13.7692821830798,100.485508101036,840,660595.9897910631,1522705.8994622289,47,P
32612,13.7758542,100.4710834,1860,659031.8051996046,1523423.3517764297,47,P
32617,13.7849446860637,100.471005026747,2102,659017.1795594099,1524428.9403342288,47,P
32618,13.7638765353945,100.489025777419,1800,660980.0558601674,1522110.2433341995,47,P
32627,13.7783084676063,100.477211172851,1714,659692.7128480679,1523698.9174491307,47,P
32633,13.7871140844081,100.466605926809,480,658540.0752201625,1524666.0249463085,47,P
32646,13.7645219989968,100.4815105057,2553,660166.970879694,1522176.6351338758,47,P
32676,13.7784399075161,100.477088950527,1058,659679.4081908357,1523713.3769368166,47,P
32684,13.7804097891511,100.475249905527,540,659479.2238442501,1523930.0761716566,47,P
32687,13.7795962220335,100.47522932379,1534,659477.5505517494,1523840.0610284416,47,P
32708,13.776711776342,100.478702270082,1645,659855.0245314989,1523523.2727505795,47,P
32712,13.7648839095177,100.473090387288,480,659256.2423487895,1522211.0848049864,47,P
32716,13.7865416423471,100.469691751857,1434,658874.105281847,1524604.7360832957,47,P
32725,13.749437347269,100.476450802071,780,659630.0833830277,1520504.5249469734,47,P
32738,13.7819870833767,100.473769303341,420,659318.0650911023,1524103.5838904171,47,P
32740,13.7611718824315,100.471374842083,1200,659073.247223251,1521799.3056906927,47,P
32754,13.7678551364574,100.477283890275,1451,659707.675622998,1522542.5575518673,47,P
32778,13.7453092873098,100.467333944322,3607,658646.978851871,1520041.8367750328,47,P
32782,13.7592379116512,100.469920523714,1432,658917.2930137663,1521584.399056028,47,P
32792,13.754570086898,100.483625358085,3053,660402.4364929154,1521077.1033932553,47,P
32795,13.7811072094185,100.472958602867,1440,659231.0053891115,1524005.710125519,47,P
32806,13.7523109227319,100.463211280183,1080,658196.4508217474,1520813.6828943153,47,P
32814,13.7494317429922,100.469756480953,1920,658906.1721739712,1520499.480294464,47,P
32823,13.7784238188128,100.477103910965,1375,659681.036726418,1523711.6070448104,47,P
32833,13.7724168936312,100.482962725613,550,660318.6212427644,1523050.982705485,47,P
32857,13.7693939201407,100.46925663219,1500,658838.6473543064,1522707.4732818455,47,P
32862,13.7872725019196,100.468489700331,1274,658743.6438104041,1524684.7935001454,47,P
32866,13.7784740630299,100.477057190262,584,659675.9508916007,1523717.1343294457,47,P
32867,13.7633394157366,100.473440912673,1020,659295.1908690396,1522040.4562630127,47,P
32871,13.7527390288213,100.480333135106,420,660047.6709147983,1520872.3512602404,47,P
32888,13.7767341462151,100.478681346832,1440,659852.7469639377,1523525.7335305684,47,P
32895,13.7625418982346,100.467295705821,404,658631.2340057661,1521948.1727009946,47,P
32896,13.7844471619708,100.468374061829,972,658733.0500449482,1524372.1624193205,47,P
32897,13.7845242748755,100.471396944913,3720,659059.8392853905,1524382.69139945,47,P
32902,13.7769624433939,100.478383792188,1800,659820.418243386,1523550.791349853,47,P
32903,13.7851184340496,100.470945832355,3872,659010.6617217708,1524448.1221523024,47,P
32905,13.7585481084151,100.477857128679,540,659775.9796853259,1521513.3411078672,47,P
32908,13.7672794328795,100.486341112173,5056,660687.4315702273,1522484.8990009667,47,P
32911,13.7786611100579,100.476883260422,2693,659657.0175814636,1523737.7110758799,47,P
32919,13.7624927920441,100.482670867028,900,660293.8255928875,1521952.9245708315,47,P
32927,13.7782624580257,100.477253955883,421,659697.3700496301,1523693.8560123402,47,P
32931,13.7767267428833,100.478688271403,3482,659853.5007272051,1523524.919132961,47,P
32938,13.7867186836347,100.469231485304,2460,658824.2208881197,1524624.0171555642,47,P
32954,13.7586332337278,100.469360239053,3805,658857.1152781553,1521517.136660046,47,P
32956,13.7552717366199,100.474997945295,1262,659469.0223391496,1521148.9953799946,47,P
32968,13.7870992710967,100.467367006851,660,658622.3740139279,1524664.8884345077,47,P
32977,13.7784744391181,100.477056840548,360,659675.9128230972,1523717.1757022997,47,P
32991,13.783589051362,100.472448982723,1260,659174.2218615181,1524279.9280903004,47,P
33006,13.7783716941547,100.477152380238,1296,659686.312906054,1523705.872896758,47,P
33017,13.7786162116446,100.477026935236,480,659672.5829805564,1523732.8395495499,47,P
33018,13.7796649359955,100.475341701631,786,659489.6547612585,1523847.737101573,47,P
33019,13.7570653946994,100.483254351865,600,660360.6174437664,1521352.9021068555,47,P
33020,13.756163,100.4861908,720,660678.7681366829,1521255.0309312565,47,P
33037,13.7578145952305,100.469244827794,3226,658845.1877897016,1521426.4983774764,47,P
33048,13.7596013525545,100.4778106411,721,659770.2378350407,1521629.8261474376,47,P
33049,13.7828255788275,100.472984934694,1593,659232.6879980448,1524195.8233670467,47,P
33053,13.7701029709119,100.479312995122,354,659925.5551621498,1522792.5737308962,47,P
33055,13.7536973954868,100.481083346658,2760,660128.1452063628,1520978.869880982,47,P
33059,13.7677412307704,100.47055893292,408,658980.5813670069,1522525.5037914505,47,P
33076,13.7816770777837,100.474059297363,6186,659349.6305617016,1524069.481491944,47,P
33077,13.7633477867037,100.473265823628,660,659276.2524231224,1522041.266451422,47,P
33078,13.7616819509742,100.471816407262,600,659120.6502033388,1521856.0240483882,47,P
33090,13.7870485105815,100.466916870357,420,658573.7390374183,1524658.9759637322,47,P
33102,13.7771453660081,100.46522875245,2207,658397.8937371224,1523562.323895824,47,P
33106,13.7786576022818,100.476988430085,377,659668.3914759092,1523737.3928557413,47,P
33107,13.7661489484022,100.46444460378,1860,658320.5105162484,1522345.32637219,47,P
33121,13.7635315590953,100.487504104885,960,660815.7490921121,1522071.0628117493,47,P
33127,13.7803501094615,100.475411662114,2058,659496.7542032391,1523923.5813580055,47,P
33139,13.7802488862214,100.475302348525,905,659485.0034170435,1523912.3109456734,47,P
33143,13.7789587,100.4673207,1284,658622.8631087104,1523764.3035408831,47,P
33149,13.7556322242613,100.478493979701,1430,659846.8252873379,1521191.1919467703,47,P
33161,13.7563093763282,100.477955885166,1475,659788.1782850702,1521265.7453186328,47,P
33180,13.7769165808668,100.477983003285,720,659777.1136238469,1523545.451457385,47,P
33190,13.7713962398976,100.479665229028,415,659962.762327613,1522935.876914024,47,P
33208,13.7621849434966,100.472258551967,481,659168.120424036,1521911.9601107796,47,P
33209,13.7682527503856,100.477618148241,1080,659743.5490341211,1522586.7657600443,47,P
33216,13.7746613486647,100.480889974624,510,660092.9695496036,1523297.897379361,47,P
33217,13.7803795296304,100.47527836336,1593,659482.321369506,1523926.7475648432,47,P
33246,13.7700637552118,100.480093921494,1138,660010.0229865774,1522788.7546530745,47,P
33254,13.7788316922945,100.476724640734,420,659639.7508993275,1523756.4765663692,47,P
33265,13.7808737926313,100.474813529363,3788,659431.7260817124,1523981.1175044563,47,P
33279,13.7782237480152,100.477392038859,1020,659712.3266580926,1523689.6653902782,47,P
33283,13.7693561283987,100.485397378976,360,660583.96691738,1522714.0058519782,47,P
33284,13.7839678787518,100.471525227314,824,659074.0862368052,1524321.2246137492,47,P
33291,13.783156784365,100.471141372968,5214,659033.1318973146,1524231.242798881,47,P
33292,13.7857995138972,100.4703874696,418,658949.8294895254,1524523.0976963355,47,P
33298,13.778396252131,100.477129544458,660,659683.8270901161,1523708.574479302,47,P
33316,13.7782597779667,100.477358520681,2274,659708.678001773,1523693.6289730254,47,P
33321,13.7785380436317,100.477099653885,1140,659680.4988229673,1523724.2404348666,47,P
33323,13.7768552582507,100.478568066913,1103,659840.4160634032,1523539.0563658914,47,P
33324,13.7621841354933,100.472257842883,660,659168.044295337,1521911.870256209,47,P
33336,13.7518876563452,100.475594594484,6253,659535.8343750089,1520775.0246797972,47,P
33348,13.7544500341602,100.483626037359,960,660402.5917322403,1521063.822899381,47,P
33350,13.7695005331874,100.48523013761,540,660565.784515432,1522729.869188988,47,P
33364,13.7819114736501,100.474027213834,480,659346.0026112278,1524095.3904415858,47,P
33369,13.7717672554304,100.474626540195,1492,659417.6836858826,1522973.576320548,47,P
33386,13.7790367084667,100.476534001885,1919,659618.9987765185,1523779.030093481,47,P
33392,13.7655897462651,100.483290540017,1140,660358.7220244291,1522295.940912679,47,P
33394,13.7753417732832,100.466061740875,1140,658489.1771177847,1523363.349643705,47,P
33398,13.758954203106,100.482941490139,356,660325.4994929836,1521561.6449979476,47,P
33403,13.7784234427246,100.477104260679,2674,659681.0747949375,1523711.565671962,47,P
33409,13.7799807165049,100.475552858674,660,659512.271751506,1523882.8106406373,47,P
33412,13.7786740923893,100.476871188512,540,659655.7034824857,1523739.1392419436,47,P
33422,13.7783958760428,100.477129894172,1765,659683.8651586472,1523708.533106457,47,P
33423,13.7678110645372,100.477246838929,833,659703.6991695415,1522537.6574731106,47,P
33424,13.7784115886578,100.477115283447,1011,659682.2746910956,1523710.2616254634,47,P
33425,13.7549881448701,100.468681033664,370,658786.1284481068,1521113.4496935338,47,P
33426,13.7487476010368,100.463319748537,360,658210.5737970461,1520419.5616597512,47,P
33428,13.7531840656256,100.484708045196,900,660520.4596664036,1520924.4946771252,47,P
33432,13.778528068129,100.477006972419,4472,659670.4843740424,1523723.0753434817,47,P
33436,13.7798262935945,100.475369704875,663,659492.5731003133,1523865.6059863132,47,P
33437,13.7638756897256,100.473719890019,781,659324.9942058129,1522099.9665027515,47,P
33458,13.7564332195048,100.483439513569,720,660381.0706958799,1521283.090428536,47,P
33474,13.753178591614,100.470392578974,540,658972.4297503771,1520914.3961869192,47,P
33479,13.7589950664753,100.465187712395,954,658405.6789747941,1521554.4158207285,47,P
33483,13.7823646986579,100.473416063992,780,659279.6155597636,1524145.1237849619,47,P
33493,13.7785227052279,100.477011959232,566,659671.02721885,1523722.4853793215,47,P
33494,13.7594476345445,100.484240754359,1140,660465.6587106115,1521617.096778287,47,P
33500,13.743231278245,100.470384805023,1440,658978.302050986,1519813.9666069485,47,P
33502,13.7712271883068,100.483636118945,3745,660392.2457681275,1522919.8191308777,47,P
33506,13.760194987388,100.484251202405,542,660466.2789702701,1521699.780401147,47,P
33512,13.7869308989237,100.468827691737,420,658780.4187294119,1524647.2267701407,47,P
33513,13.7866380641255,100.469343567573,780,658836.3938916387,1524615.172651022,47,P
33514,13.7827676026485,100.473039168378,477,659238.5912161253,1524189.4456360023,47,P
33518,13.7571604636338,100.483307661849,2358,660366.3173883209,1521363.4546948138,47,P
33519,13.7623603038145,100.472412443867,1380,659184.6425582394,1521931.4611838078,47,P
33521,13.7633244389236,100.474426777662,1790,659401.8048795951,1522039.4520368923,47,P
33541,13.7597917613837,100.478835530486,1260,659880.9341124481,1521651.5705464755,47,P
33544,13.787093949568,100.466947176539,2160,658576.985097474,1524664.0226702613,47,P
33549,13.7788121211311,100.476742839416,2100,659641.7319312098,1523754.323572205,47,P
33551,13.7825465393672,100.473245961518,1548,659261.1002241202,1524165.127345196,47,P
33554,13.767360370689,100.47281973527,1380,659225.3001692735,1522484.8656270823,47,P
33555,13.7797003600464,100.475806941914,1260,659539.9347602117,1523851.9645612545,47,P
33556,13.7635606122121,100.473638095387,1260,659316.3629211674,1522065.05673791,47,P
33561,13.7529643765208,100.485533654314,2473,660609.8887879332,1520900.7416378006,47,P
33569,13.7809093,100.4701279,1140,658925.0722208011,1523981.9433195612,47,P
33577,13.766456922971,100.471812728634,1320,659117.0232426096,1522384.2552260815,47,P
33578,13.7520881644556,100.478801702047,420,659882.5075585227,1520799.3320463318,47,P
33596,13.7486363323617,100.470034918575,445,658936.8186977434,1520411.671402548,47,P
33611,13.7645743619086,100.473202687998,779,659268.5951471858,1522176.9152341217,47,P
33615,13.7827451434153,100.473244262961,361,659260.7819510383,1524187.0969332224,47,P
33624,13.7590981833214,100.465868782795,540,658479.2563795423,1521566.2712707606,47,P
33631,13.7523648331979,100.482762035066,1458,660310.5808679512,1520832.5705155907,47,P
33637,13.7656721552809,100.48332926112,1680,660362.8528289881,1522305.0832920875,47,P
33645,13.7597884167404,100.480571125769,1040,660068.6135915825,1521652.3536464567,47,P
33650,13.7634701211998,100.473557428354,720,659307.7014841636,1522054.992732807,47,P
33651,13.7872560784031,100.467096918092,540,658593.065844662,1524682.057062437,47,P
33656,13.7811199299941,100.474256510976,1020,659371.3319401018,1524007.9773301333,47,P
33662,13.7836250208506,100.472237098487,3246,659151.287951656,1524283.766943939,47,P
33666,13.7544292001463,100.469530904862,628,658878.4072350254,1521052.1766741162,47,P
33670,13.7704562945165,100.483394779381,720,660366.6756318051,1522834.377309061,47,P
33671,13.7632532957948,100.473184543237,1260,659267.5273466588,1522030.7595657017,47,P
33672,13.7766548294657,100.478755534297,4379,659860.8225260124,1523517.0083557456,47,P
33675,13.774932821717,100.475994121605,1500,659563.4099171233,1523324.676097497,47,P
33687,13.7722459607958,100.48309241524,718,660332.7609447193,1523032.159510285,47,P
33688,13.7775349949138,100.478035165694,1021,659782.3333691466,1523613.898708148,47,P
33700,13.7532200785605,100.483616692602,900,660402.4190702429,1520927.7516974502,47,P
33704,13.7811625250912,100.474303258173,900,659376.3575511533,1524012.7204327623,47,P
33714,13.7559194396887,100.481840035019,322,660208.4593183098,1521225.188549056,47,P
33715,13.7838538964002,100.472202007664,2040,659147.3387896275,1524309.0632222076,47,P
33727,13.7550865397359,100.471521976183,780,659093.270094643,1521126.2092809568,47,P
33734,13.74532267991,100.467376599696,1401,658651.5825999818,1520043.3464088254,47,P
33745,13.7778277521428,100.477867618944,1680,659764.0182244265,1523646.173915737,47,P
33746,13.7610551665533,100.468700760631,1751,658784.1691356358,1521784.6287920692,47,P
33754,13.7846640196966,100.471266671182,900,659045.6591614049,1524398.0645547884,47,P
33755,13.7517028386803,100.469771353544,960,658906.2482052874,1520750.7307100962,47,P
33761,13.7789359416106,100.476627702188,840,659629.1985828956,1523767.9448784187,47,P
33768,13.7641586464828,100.473957722612,1260,659350.5199011338,1522131.4261876177,47,P
33769,13.7862026631843,100.469832307991,5928,658889.5317130866,1524567.3292358692,47,P
33773,13.7697530984467,100.485010091905,1320,660541.8185760063,1522757.6626778124,47,P
33774,13.7635230994524,100.474182532452,661,659375.2595148251,1522061.2672561642,47,P
33775,13.7642255094221,100.482155505783,540,660236.9180256751,1522144.2649748651,47,P
33792,13.7767735251661,100.477811835244,1860,659758.7030948945,1523529.5120843223,47,P
33800,13.7785641040838,100.476973463585,1023,659666.8367350842,1523727.0396013837,47,P
33813,13.7804925226777,100.475074826054,420,659460.2373214164,1523939.1125086567,47,P
33818,13.7831815172181,100.472651972943,2040,659196.4459012147,1524234.9787706432,47,P
33826,13.7660618732964,100.464154665912,660,658289.2179466796,1522335.5029697423,47,P
33840,13.7784740630299,100.477057190262,1305,659675.9508916007,1523717.1343294457,47,P
33850,13.7672728467694,100.484387390866,420,660476.1782224523,1522482.8667568397,47,P
33861,13.787079580668,100.466895018244,541,658571.3553870624,1524662.3986876423,47,P
33862,13.7586069646704,100.463827603301,781,658258.8660039009,1521510.5877237099,47,P
33880,13.7796563361086,100.475265673045,649,659481.4400168564,1523846.735303453,47,P
33882,13.7703942466435,100.473334223943,598,659278.8774976472,1522820.8304217616,47,P
33884,13.7615780068929,100.47172502157,3065,659110.838673745,1521844.4647890313,47,P
33886,13.7550306541164,100.469425065483,480,658866.5563492347,1521118.6428961123,47,P
33887,13.7791692766411,100.476410730419,480,659605.5799953598,1523793.6137301184,47,P
33889,13.7499414172272,100.476736170028,415,659660.6010588026,1520560.4770458136,47,P
33892,13.7784180798235,100.477109247492,693,659681.6176402195,1523710.9757079785,47,P
33904,13.7849358133532,100.471115957207,420,659029.1796164649,1524428.0321781444,47,P
33907,13.7779790195739,100.477724813568,481,659748.4744659192,1523662.813136476,47,P
33910,13.75713319113,100.483312631085,2553,660366.8733181774,1521360.440957357,47,P
33922,13.7591230265023,100.469669768083,578,658890.255351874,1521571.5243704272,47,P
33928,13.7761105258763,100.479488775796,780,659940.4756440679,1523457.2817773477,47,P
33940,13.7452998030995,100.470187827179,780,658955.6052256364,1520042.667796502,47,P
33946,13.7805074540575,100.475158055705,1260,659469.2263510816,1523940.8195055367,47,P
33956,13.7868672968969,100.467241988249,882,658609.0135116635,1524639.143663189,47,P
33957,13.7569790195315,100.471348216105,960,659073.2016811088,1521335.4508546167,47,P
33995,13.7768513041828,100.478571765278,540,659840.8186426854,1523538.621401652,47,P
33999,13.7711923622475,100.483787319205,714,660408.6186738453,1522916.0672652659,47,P
34001,13.7570786461225,100.483322569555,707,660367.9851779416,1521354.4134824676,47,P
34005,13.7531207266148,100.469527929465,1320,658878.9683469741,1520907.4244332528,47,P
34020,13.7810597731734,100.474638622322,1739,659412.6882166734,1524001.575764379,47,P
34028,13.7788273897582,100.473160090657,1284,659254.3360160786,1523753.6369767918,47,P
34029,13.7765819865031,100.478742705172,475,659859.4848970771,1523508.9415097719,47,P
34030,13.7540080091724,100.47606429721,480,659585.1899894169,1521009.9010301721,47,P
34033,13.7870915238508,100.467992762379,893,658690.0366294596,1524664.444507077,47,P
34034,13.7852290745348,100.470739912471,360,658988.3223386159,1524460.2256034685,47,P
34038,13.7568311512998,100.483296411893,455,660365.3251988895,1521327.016717208,47,P
34056,13.7590545,100.4733581,720,659289.1363646341,1521566.3803788258,47,P
34062,13.778082872727,100.472914452279,1499,659228.2807199114,1523671.11162082,47,P
34063,13.7569620593638,100.477927063998,1380,659784.6186954236,1521337.9297136273,47,P
34082,13.7703464,100.4696218,660,658877.4892655725,1522813.0828678447,47,P
34091,13.7710504743175,100.479899981591,1140,659988.3810931772,1522897.782378805,47,P
34114,13.755138397677,100.472137607912,1910,659159.8070039976,1521132.3527975834,47,P
34115,13.7648569355867,100.483003887768,540,660328.2252272659,1522214.6820364445,47,P
34117,13.7625426876223,100.472572511053,2252,659201.8276653345,1521951.743330997,47,P
34128,13.778302728617,100.477216509378,527,659693.2937624292,1523698.2861125073,47,P
34129,13.7820224169111,100.473846736555,360,659326.413500145,1524107.5440049234,47,P
34135,13.7863017495682,100.469660966728,420,658870.9390026031,1524578.1774545354,47,P
34160,13.7742344492312,100.481186090787,480,660125.278580663,1523250.8683152846,47,P
34164,13.7700155,100.4710154,661,659028.4015054225,1522777.397548202,47,P
34169,13.7869213652585,100.469331041807,1700,658834.8480133393,1524646.5047215738,47,P
34178,13.7679025654344,100.477592622105,1614,659741.0267067518,1522548.0093325265,47,P
34179,13.7691104289699,100.485184631353,2100,660561.130240465,1522686.6831042632,47,P
34207,13.7501120414831,100.465840447905,417,658482.2407221452,1520572.1593775668,47,P
34208,13.7553165918948,100.483447089376,1440,660382.650587228,1521159.5674976162,47,P
34209,13.7802800553752,100.47547710516,480,659503.8777520581,1523915.8749834318,47,P
34210,13.7734624932655,100.47040404503,1918,658959.9660940854,1523158.318887437,47,P
34225,13.7810695229717,100.474541439266,684,659402.1737637784,1524002.5899078064,47,P
34229,13.7770517329678,100.478384297894,476,659820.4122135774,1523560.6694243525,47,P
34234,13.7785234574043,100.477011259804,1008,659670.951081874,1523722.5681250421,47,P
34276,13.7874309072709,100.468885904697,660,658786.3747618669,1524702.5789316737,47,P
34294,13.7624776683986,100.472515443029,599,659195.7007370448,1521944.5128079748,47,P
34297,13.7823098208858,100.473467399278,1523,659285.2033150061,1524139.0869055048,47,P
34298,13.7804260247659,100.4752346366,2555,659477.5618808214,1523931.8621213504,47,P
34308,13.7757070485543,100.465892446199,1295,658470.625653773,1523403.6467898805,47,P
34313,13.7818616466521,100.473802342957,3631,659321.7225098386,1524089.729257359,47,P
34315,13.784874498414,100.471173076663,420,659035.3970099683,1524421.2869672456,47,P
34326,13.7846804332886,100.471251370008,720,659043.9936498629,1524399.8701941979,47,P
34332,13.7869872077171,100.467117826797,480,658595.5080620868,1524652.326913769,47,P
34340,13.7782750642688,100.477242233688,879,659696.0940149536,1523695.242803933,47,P
34343,13.7621334084092,100.472213326042,2940,659163.2648758095,1521906.2291160384,47,P
34353,13.7787818241656,100.476771011723,883,659644.7986505472,1523750.9906489672,47,P
34356,13.7508078653277,100.483796719119,1560,660423.5298632735,1520661.0182662823,47,P
34365,13.7871132972046,100.46774104064,1561,658662.80548503,1524666.686990745,47,P
34366,13.7619326960813,100.473777466604,360,659332.5357193055,1521885.0598411371,47,P
34368,13.7870127789878,100.467099102811,2927,658593.466337579,1524655.143391243,47,P
34384,13.7787296018411,100.476819571813,1693,659650.0847003674,1523745.2457509083,47,P
34390,13.787112610712,100.467627308525,900,658650.5091070966,1524666.5359624152,47,P
34393,13.755242478242,100.474688422455,355,659435.5715700168,1521145.5537518982,47,P
34396,13.7723406513767,100.481401658745,438,660149.8773541901,1523041.5085629614,47,P
34397,13.7697964864556,100.484668625508,433,660504.8662584119,1522762.2347188706,47,P
34400,13.7871458555414,100.467563124548,1459,658643.5470105498,1524670.171317067,47,P
34413,13.7627433294204,100.472846629482,960,659231.3330418454,1521974.120726676,47,P
34418,13.7745931837551,100.466454894295,1858,658532.1922033692,1523280.7957697453,47,P
34430,13.7789428088645,100.476621316519,1980,659628.5034665426,1523768.7003349157,47,P
34431,13.7783705658901,100.47715342938,480,659686.4271116629,1523705.7487782312,47,P
34439,13.748345616388,100.47140838907,540,659085.5406662459,1520380.4171398773,47,P
34441,13.7711399987074,100.468286110765,863,658732.5270323185,1522899.9934509187,47,P
34464,13.7549093948344,100.480244755775,420,660036.6387013482,1521112.3909737652,47,P
34476,13.7783957783765,100.477129984989,1494,659683.8750446385,1523708.5223623475,47,P
34488,13.76827689442,100.486233610864,780,660675.1259899844,1522595.1725656504,47,P
34497,13.7869309224373,100.467240034119,1696,658608.7592645974,1524646.1809792917,47,P
34499,13.7676657707995,100.477737541881,360,659756.8577625401,1522521.9099428488,47,P
34519,13.7787772134409,100.476775299108,360,659645.2653573896,1523750.4834301593,47,P
34560,13.7497909144365,100.469936247413,361,658925.3695177685,1520539.3322929796,47,P
34569,13.759513974752,100.484470075481,1860,660490.4110136386,1521624.5885645002,47,P
34577,13.7784912799978,100.477041180682,1294,659674.2081512044,1523719.028340276,47,P
34578,13.7785433069895,100.476992802226,480,659668.9418628174,1523724.7517461663,47,P
34590,13.755460409724,100.483434791546,2418,660381.2227758555,1521175.4692903825,47,P
34592,13.7783563576279,100.477166641249,495,659687.8653055917,1523704.1857507892,47,P
34593,13.785617855699,100.470557711909,540,658968.359334077,1524503.1142426447,47,P
34594,13.7848758785339,100.47095451653,1282,659011.7648559943,1524421.2950418212,47,P
34597,13.7606279251094,100.471105652379,1345,659044.5064831907,1521738.952339594,47,P
34599,13.7836714836233,100.467829477157,600,658674.6921655518,1524285.99306268,47,P
34603,13.7753770648508,100.476573022426,660,659625.7031344329,1523374.2049588538,47,P
34607,13.7765879048952,100.478818130966,1320,659867.6363940301,1523509.6463740945,47,P
34623,13.7811514590579,100.474740911281,2644,659423.6859243002,1524011.7864104065,47,P
34629,13.7771851569887,100.478362795143,1380,659817.99648559,1523575.4152854164,47,P
34639,13.7535022800815,100.478159462978,783,659812.0976289152,1520955.3434219349,47,P
34644,13.7820278160965,100.473917680338,900,659334.080544306,1524108.1883120832,47,P
34647,13.7860579306511,100.469967231396,1140,658904.2177593671,1524551.4073179578,47,P
34651,13.7766964648744,100.478716591382,1380,659856.5834543981,1523521.588424932,47,P
34658,13.7832722410241,100.472673034937,16047,659198.6617161521,1524245.0291024544,47,P
34669,13.7651046673571,100.47344328262,655,659294.2520097349,1522235.7397836412,47,P
34680,13.7869266827098,100.468849354353,720,658782.7637684275,1524646.77466168,47,P
34688,13.771075389312,100.483752343239,1517,660404.9165411277,1522903.1036888922,47,P
34694,13.7847036435128,100.471411560987,1889,659061.2981646226,1524402.5438424177,47,P
34719,13.7754811909315,100.47985622639,1200,659980.6351479287,1523387.9053958287,47,P
34727,13.752070148441,100.476245624579,840,659606.1115711866,1520795.6441736578,47,P
34728,13.7783260606623,100.477194813556,2301,659690.9320366033,1523700.8528318887,47,P
34738,13.7844519086089,100.471464406616,1672,659067.1824093901,1524374.7304781885,47,P
34742,13.7598257298846,100.479962193719,383,660002.7418306945,1521656.0767238464,47,P
34761,13.7660658137189,100.463812603133,720,658252.2278308363,1522335.7139404363,47,P
34780,13.7528797480368,100.48593251973,387,660653.0788722801,1520891.6454847022,47,P
34788,13.7837526571239,100.471410642811,960,659061.8427632275,1524297.339757454,47,P
34789,13.7551334496226,100.472078867067,2185,659153.4583482195,1521131.7666030424,47,P
34805,13.7810799880207,100.474212675524,600,659366.6193578759,1524003.5296625264,47,P
34806,13.7657394705557,100.485985431407,3231,660650.0230957862,1522314.3014533145,47,P
34810,13.78476046947,100.470244835086,1726,658935.1105752839,1524408.05846006,47,P
34830,13.7860714433316,100.469954634526,1823,658902.846623521,1524552.893837569,47,P
34851,13.7809562507423,100.474845417749,360,659435.1180443862,1523990.2606421201,47,P
34854,13.7641897663864,100.462962439387,899,658161.5602858567,1522127.617167963,47,P
34855,13.7447732202596,100.470235543674,419,658961.1205569913,1519984.4459012782,47,P
34858,13.7671250235932,100.472594429127,539,659201.0970022047,1522458.6811681185,47,P
34859,13.7682371599216,100.475305640402,535,659493.5077500731,1522583.5071581083,47,P
34909,13.7460847930548,100.470649750551,720,659005.0280780818,1520129.8122037407,47,P
34920,13.7575023,100.4692663,1680,658847.7204135986,1521391.964780152,47,P
34935,13.7771419445973,100.478403264318,660,659822.4016429291,1523570.6617705566,47,P
34941,13.7804668745117,100.475098777864,3240,659462.8445024746,1523936.2910460415,47,P
34965,13.7755209545334,100.465982138155,648,658480.449165608,1523383.1191759184,47,P
34970,13.7869888898143,100.466565815569,1140,658535.8228523383,1524652.1487769699,47,P
34975,13.7704859541146,100.484349527028,1460,660469.8917546836,1522838.2949985818,47,P
34984,13.785401168047,100.470415507052,780,658953.1304974199,1524479.0489876098,47,P
35047,13.7559395668969,100.482159771455,504,660243.0206634076,1521227.6278421876,47,P
35050,13.7548454914198,100.467386036772,1620,658646.1889119985,1521096.8153151835,47,P
35051,13.7540133079137,100.460774107995,1980,657931.7609045324,1521000.4100830602,47,P
35061,13.7784284295375,100.47709962358,360,659680.5700182033,1523712.1142631052,47,P
35063,13.7710200710322,100.483924440318,360,660423.562995664,1522897.0987894773,47,P
35074,13.7836156277466,100.471347740291,539,659055.1343354352,1524282.139173094,47,P
35079,13.7567383889577,100.47199931755,360,659143.7712976033,1521309.2611436895,47,P
35084,13.7487384887598,100.484036539769,420,660450.8733689914,1520432.2512864866,47,P
35089,13.7672194151145,100.487030245087,360,660761.9892596713,1522478.7197075083,47,P
35092,13.7849500815131,100.470886840819,360,659004.3973799704,1524429.4590218284,47,P
35099,13.7789167465355,100.476645551156,448,659631.1415446901,1523765.8332565294,47,P
35105,13.7638739130003,100.467450960407,1358,658647.1239799036,1522095.6295257146,47,P
35109,13.7692878411028,100.477262756395,2602,659704.4176066741,1522701.0375778065,47,P
35111,13.7535795310325,100.478041325451,660,659799.2701642301,1520963.8109899973,47,P
35137,13.7583245378003,100.470230791792,950,658951.4603448577,1521483.5615194384,47,P
35141,13.7873149389063,100.467749355352,1680,658663.5682686322,1524688.9991948588,47,P
35153,13.7762785712047,100.479107460553,527,659899.1309887166,1523475.6183975951,47,P
35162,13.7756653913834,100.479790387584,1080,659973.3908480632,1523408.238951884,47,P
35164,13.776841671415,100.478580775111,670,659841.7993929124,1523537.5617563599,47,P
35165,13.7789317069741,100.476631639859,1140,659629.6272207792,1523767.4790322953,47,P
35181,13.7569112504818,100.461419418103,480,657999.5974414013,1521321.4180306438,47,P
35189,13.7833978799673,100.471054964445,479,659023.625956925,1524257.8569846272,47,P
35191,13.7518469409933,100.478125614116,383,659809.5606660342,1520772.1979654192,47,P
35192,13.7651413246236,100.48802412673,597,660870.8798621483,1522249.492541146,47,P
35195,13.771180370848,100.48379686278,3421,660409.6587920261,1522914.7470667441,47,P
35221,13.7762124344895,100.479392579042,3365,659930.0048755761,1523468.491541831,47,P
35227,13.7870847246858,100.468045739983,1059,658695.7692215254,1524663.7273291487,47,P
35229,13.7784705805698,100.477060428505,360,659676.3033941255,1523716.7512296464,47,P
35233,13.778349490374,100.477173026918,2849,659688.5604253497,1523703.4302955603,47,P
35235,13.7443320550318,100.471197789695,2294,659065.4763330339,1519936.2766422904,47,P
35243,13.7785456932378,100.476896024175,4137,659658.4760714886,1523724.9514683322,47,P
35245,13.7709619115453,100.483839227038,480,660414.3886235042,1522890.6080161575,47,P
35248,13.7621897300729,100.482758981429,1147,660303.5601278548,1521919.4567209901,47,P
35253,13.7782988700687,100.477220097335,539,659693.6843340205,1523697.8616400622,47,P
35280,13.7681402041844,100.47752354689,660,659733.3961997767,1522574.2524525106,47,P
35282,13.7673412881269,100.47668356242,1830,659643.1106893835,1522485.314372874,47,P
35284,13.7753680386903,100.479848292756,1200,659979.854310214,1523375.3825456966,47,P
35301,13.7750761169213,100.48050362615,1535,660050.912321927,1523343.524405189,47,P
35307,13.7580931458403,100.462546484611,480,658120.6786298528,1521452.9049202558,47,P
35308,13.7851215898436,100.470942892496,1324,659010.3417217472,1524448.4693190695,47,P
35321,13.7870842219309,100.4674253884,420,658628.6964546248,1524663.2621484853,47,P
35324,13.781058633278,100.474189239156,2284,659364.0998026972,1524001.151743452,47,P
35336,13.7783863208674,100.477240799526,2132,659695.8633510362,1523707.549707134,47,P
35396,13.7666293212526,100.471528266711,360,659086.1475656922,1522403.1388223427,47,P
35405,13.7851383839166,100.47092724756,457,659008.6387899022,1524450.3168237563,47,P
35406,13.7766035612893,100.478803487045,3423,659866.0423512801,1523511.3686425625,47,P
35463,13.7832287870683,100.472788709284,660,659211.1982303736,1524240.2985886815,47,P
35477,13.7634353510526,100.473526432959,466,659304.3734231481,1522051.1257537294,47,P
35482,13.7769187587284,100.478508672907,750,659833.9508308904,1523546.0416884436,47,P
35493,13.7617284340826,100.47185727603,540,659125.0380344486,1521861.1932756554,47,P
35504,13.7788489092623,100.476708631153,1310,659638.0081640268,1523758.370579127,47,P
35505,13.7785901664129,100.476949228949,1964,659664.1986492736,1523729.906676888,47,P
35507,13.7561705302866,100.486429688246,1020,660704.5954528024,1521256.0233617616,47,P
35513,13.7789099406592,100.476753683095,716,659642.8379625084,1523765.152137966,47,P
35514,13.7793449514128,100.475081394975,1080,659461.7262573668,1523812.1659151413,47,P
35521,13.7602299610408,100.470585065005,540,658988.4824225374,1521694.583586703,47,P
35531,13.755853873767,100.483445195212,3616,660382.07975733,1521219.0035456186,47,P
35535,13.7600285563552,100.477791393039,2765,659767.8664685837,1521677.073103143,47,P
35569,13.7596909136099,100.482537823686,420,660281.3474547982,1521642.8755533,47,P
35610,13.7621899935289,100.482660183406,6166,660292.8765993965,1521919.4200820404,47,P
35631,13.7779417111752,100.477760034897,433,659752.3081561256,1523658.7092604367,47,P
35651,13.7768081844096,100.477853305488,1618,659763.1635623578,1523533.3738417046,47,P
35667,13.7595947,100.4849123,660,660538.1756992311,1521633.8136718732,47,P
35705,13.7532390785114,100.483538569632,400,660393.9581147078,1520929.8015676097,47,P
35706,13.752867383529,100.485971774963,487,660657.3322764162,1520890.3038270758,47,P
35711,13.7630409568279,100.482787015146,1314,660306.0116067582,1522013.6431682212,47,P
35729,13.7534714156603,100.469565450048,940,658882.7890869568,1520946.2442594408,47,P
35749,13.7829900429996,100.472831087062,1968,659215.9420348145,1524213.9154285262,47,P
35752,13.7806107414745,100.475060918143,2027,659458.653317023,1523952.1813301137,47,P
35769,13.7737533982061,100.481420891882,660,660150.9947441034,1523197.8078838198,47,P
35775,13.7866763624941,100.469565453161,1260,658860.3585693218,1524619.5560889367,47,P
35780,13.7555474200431,100.476966406516,1657,659681.6971124117,1521180.797165511,47,P
35784,13.780935259548,100.474755722259,840,659425.4340284517,1523987.878996354,47,P
35801,13.7870366664988,100.468314547465,960,658724.8654682945,1524658.5883904821,47,P
35807,13.7565281030457,100.483293292585,720,660365.194324751,1521293.4896431013,47,P
35849,13.7788764759441,100.476682997661,1080,659635.2178109856,1523761.4031485652,47,P
35857,13.7784322880858,100.477096035623,1678,659680.1794470347,1523712.5387357078,47,P
35859,13.7783337777589,100.477187637643,1935,659690.1508937236,1523701.7017768503,47,P
35868,13.7644988945614,100.482897306912,1621,660316.944394225,1522175.0024045256,47,P
35874,13.7662805580084,100.483902723629,660,660424.4473990314,1522372.7706368251,47,P
35883,13.7714210336688,100.483731334654,2361,660402.4091348669,1522941.3269620792,47,P
35897,13.781172409861,100.474532692156,960,659401.1581966451,1524013.966047879,47,P
35916,13.7497684665415,100.469793756566,704,658909.9759346433,1520536.75501263,47,P
35929,13.7604704674914,100.479310999707,1320,659931.8873812999,1521726.9687047808,47,P
35933,13.7840094735158,100.471490009556,1260,659070.2502339954,1524325.8027550536,47,P
35944,13.7450962950175,100.466612602032,1541,658569.116016621,1520017.7998206099,47,P
35946,13.7800285309536,100.475508770694,719,659507.472297006,1523888.0709033546,47,P
35983,13.7541097867606,100.483493117932,721,660388.4500136361,1521026.0942073849,47,P
35985,13.7629275872145,100.472703961922,1500,659215.7813632505,1521994.4099798677,47,P
36013,13.7633665434637,100.473465095331,473,659297.787429953,1522043.4732853638,47,P
36016,13.7583576012166,100.469400334859,1020,658861.6370321084,1521486.6711721472,47,P
36029,13.7789691531972,100.476698598469,480,659636.8417028883,1523771.6660036098,47,P
36044,13.7797658336749,100.475331883078,2868,659488.5246576322,1523858.8924728981,47,P
36050,13.7526811859849,100.480333865943,2885,660047.7892579804,1520865.9528373536,47,P
36059,13.7655740763954,100.458630237444,393,657692.1855759495,1522277.9140697331,47,P
36060,13.7784387792515,100.477089999669,834,659679.5223963823,1523713.2528182662,47,P
36061,13.7529835571993,100.485425977615,720,660598.2318082287,1520902.7917340463,47,P
36067,13.7872285536994,100.46700174231,1033,658582.7939270188,1524678.9493217147,47,P
36070,13.76183363282,100.468968934686,1440,658812.6423016015,1521870.9237637683,47,P
36073,13.7662949145417,100.483913377371,481,660425.5896126603,1522374.3659447343,47,P
36107,13.7674412562745,100.484519419624,369,660490.3397175277,1522501.5852843598,47,P
36116,13.7845497429892,100.471554191717,1320,659076.8239509762,1524385.6128891585,47,P
36121,13.7791509386899,100.47416456221,2160,659362.7252902264,1523790.0952860308,47,P
36122,13.7757112446798,100.465890420974,592,658470.4038450953,1523404.109653245,47,P
